frame,time_sec,is_moving,knee_stiffness_risk,ankle_foot_alignment_risk,hip_displacement_proxy,landing_asymmetry_score,core_risk,status,injury_names,injury_descriptions,injury_preventions
0,0.0,False,0.0,0.0,0.0,0.0,0.0,acceptable,,,
1,0.033,False,0.0,0.0,0.0,0.0,0.0,acceptable,,,
2,0.067,False,0.0,0.0,0.0,0.0,0.0,acceptable,,,
3,0.1,False,0.0,0.0,0.0,0.0,0.0,acceptable,,,
4,0.133,False,0.0,0.0,0.0,0.0,0.0,acceptable,,,
5,0.167,False,0.0,0.0,0.0,0.0,0.0,acceptable,,,
6,0.2,False,0.0,0.0,0.0,0.0,0.0,acceptable,,,
7,0.233,False,0.0,0.0,0.0,0.0,0.0,acceptable,,,
8,0.267,True,0.022,0.756,0.649,0.236,0.411,caution,,,
9,0.3,True,0.088,0.693,0.773,0.276,0.438,caution,,,
10,0.333,True,0.271,0.641,0.834,0.234,0.453,caution,,,
11,0.367,True,0.31,0.532,0.87,0.141,0.401,caution,,,
12,0.4,True,0.335,0.55,0.863,0.128,0.406,caution,,,
13,0.433,True,0.432,0.502,0.861,0.136,0.413,caution,,,
14,0.467,True,0.234,0.524,0.712,0.324,0.424,caution,,,
15,0.5,True,0.134,0.593,0.591,0.35,0.416,caution,,,
16,0.533,True,0.106,0.618,0.58,0.371,0.424,caution,,,
17,0.567,True,0.0,0.726,0.703,0.26,0.414,caution,,,
18,0.6,True,0.0,0.783,0.676,0.285,0.436,caution,,,
19,0.633,True,0.0,0.815,0.748,0.471,0.522,caution,,,
20,0.667,True,0.015,0.833,0.714,0.342,0.48,caution,,,
21,0.7,True,0.0,0.868,0.704,0.261,0.457,caution,,,
22,0.733,True,0.0,0.876,0.648,0.263,0.452,caution,,,
23,0.767,True,0.0,0.975,0.549,0.279,0.473,caution,,,
24,0.8,True,0.095,0.789,0.591,0.332,0.461,caution,,,
25,0.833,True,0.077,0.788,0.623,0.343,0.465,caution,,,
26,0.867,True,0.247,0.688,0.687,0.397,0.498,caution,,,
27,0.9,True,0.309,0.84,0.812,0.363,0.563,caution,,,
28,0.933,True,0.37,0.885,0.707,0.351,0.568,caution,,,
29,0.967,True,0.408,0.88,0.707,0.303,0.557,caution,,,
30,1.0,True,0.456,0.964,0.743,0.322,0.604,risky,Ankle sprain (ATFL tear) | Hip instability,"The foot is not aligned with the body's momentum, creating lateral shearing forces on the ankle ligaments. | The pelvis is displaced far from the base of support, transferring excessive stress to the knee and ankle.",Land with the foot pointing along the direction of movement and keep the knee centered over the foot. | Keep the hips centered over the feet and strengthen hip stabilizers for better control.
31,1.033,True,0.598,1.0,0.789,0.278,0.635,risky,Ankle sprain (ATFL tear) | Hip instability | Patellar tendon overload,"The foot is not aligned with the body's momentum, creating lateral shearing forces on the ankle ligaments. | The pelvis is displaced far from the base of support, transferring excessive stress to the knee and ankle. | The knee is too straight during landing or a lunge, increasing mechanical leverage and strain on the patellar tendon and meniscus.",Land with the foot pointing along the direction of movement and keep the knee centered over the foot. | Keep the hips centered over the feet and strengthen hip stabilizers for better control. | Keep the knee flexed and aligned over the toe during loading; avoid hyper-extending the knee.
32,1.067,True,0.443,1.0,0.762,0.357,0.628,risky,Ankle sprain (ATFL tear) | Hip instability,"The foot is not aligned with the body's momentum, creating lateral shearing forces on the ankle ligaments. | The pelvis is displaced far from the base of support, transferring excessive stress to the knee and ankle.",Land with the foot pointing along the direction of movement and keep the knee centered over the foot. | Keep the hips centered over the feet and strengthen hip stabilizers for better control.
33,1.1,True,0.406,0.969,0.769,0.382,0.621,risky,Ankle sprain (ATFL tear) | Hip instability,"The foot is not aligned with the body's momentum, creating lateral shearing forces on the ankle ligaments. | The pelvis is displaced far from the base of support, transferring excessive stress to the knee and ankle.",Land with the foot pointing along the direction of movement and keep the knee centered over the foot. | Keep the hips centered over the feet and strengthen hip stabilizers for better control.
34,1.133,True,0.354,0.953,0.764,0.414,0.616,risky,Ankle sprain (ATFL tear) | Hip instability,"The foot is not aligned with the body's momentum, creating lateral shearing forces on the ankle ligaments. | The pelvis is displaced far from the base of support, transferring excessive stress to the knee and ankle.",Land with the foot pointing along the direction of movement and keep the knee centered over the foot. | Keep the hips centered over the feet and strengthen hip stabilizers for better control.
35,1.167,True,0.33,0.885,0.769,0.449,0.604,risky,Ankle sprain (ATFL tear) | Hip instability,"The foot is not aligned with the body's momentum, creating lateral shearing forces on the ankle ligaments. | The pelvis is displaced far from the base of support, transferring excessive stress to the knee and ankle.",Land with the foot pointing along the direction of movement and keep the knee centered over the foot. | Keep the hips centered over the feet and strengthen hip stabilizers for better control.
36,1.2,True,0.263,0.775,0.731,0.405,0.536,caution,,,
37,1.233,True,0.266,0.746,0.706,0.448,0.54,caution,,,
38,1.267,True,0.232,0.634,0.716,0.457,0.504,caution,,,
39,1.3,True,0.204,0.599,0.729,0.439,0.483,caution,,,
40,1.333,True,0.214,0.728,0.699,0.531,0.552,caution,,,
41,1.367,True,0.232,0.728,0.711,0.458,0.532,caution,,,
42,1.4,True,0.241,0.719,0.734,0.395,0.512,caution,,,
43,1.433,True,0.222,0.737,0.73,0.411,0.519,caution,,,
44,1.467,False,0.0,0.0,0.0,0.0,0.0,acceptable,,,
45,1.5,False,0.0,0.0,0.0,0.0,0.0,acceptable,,,
46,1.533,False,0.0,0.0,0.0,0.0,0.0,acceptable,,,
47,1.567,False,0.0,0.0,0.0,0.0,0.0,acceptable,,,
48,1.6,False,0.0,0.0,0.0,0.0,0.0,acceptable,,,
49,1.633,False,0.0,0.0,0.0,0.0,0.0,acceptable,,,
50,1.667,True,0.225,0.754,0.74,0.523,0.566,caution,,,
51,1.7,False,0.0,0.0,0.0,0.0,0.0,acceptable,,,
52,1.733,True,0.211,0.761,0.705,0.395,0.514,caution,,,
53,1.767,True,0.22,0.828,0.736,0.431,0.553,caution,,,
54,1.8,True,0.256,0.922,0.767,0.402,0.584,caution,,,
55,1.833,True,0.217,1.0,0.812,0.283,0.564,caution,,,
56,1.867,True,0.283,0.976,0.795,0.276,0.565,caution,,,
57,1.9,True,0.473,0.982,0.852,0.206,0.589,caution,,,
58,1.933,True,0.767,0.877,0.816,0.217,0.615,risky,Ankle sprain (ATFL tear) | Hip instability | Patellar tendon overload,"The foot is not aligned with the body's momentum, creating lateral shearing forces on the ankle ligaments. | The pelvis is displaced far from the base of support, transferring excessive stress to the knee and ankle. | The knee is too straight during landing or a lunge, increasing mechanical leverage and strain on the patellar tendon and meniscus.",Land with the foot pointing along the direction of movement and keep the knee centered over the foot. | Keep the hips centered over the feet and strengthen hip stabilizers for better control. | Keep the knee flexed and aligned over the toe during loading; avoid hyper-extending the knee.
59,1.967,True,0.819,0.827,0.769,0.167,0.585,caution,,,
60,2.0,True,0.826,0.826,0.771,0.168,0.587,caution,,,
61,2.033,True,0.772,0.798,0.701,0.123,0.542,caution,,,
62,2.067,True,0.518,0.735,0.73,0.215,0.509,caution,,,
63,2.1,True,0.49,0.759,0.794,0.186,0.51,caution,,,
64,2.133,True,0.349,0.849,0.933,0.179,0.527,caution,,,
65,2.167,True,0.406,0.71,0.888,0.177,0.49,caution,,,
66,2.2,True,0.41,0.62,0.972,0.132,0.46,caution,,,
67,2.233,True,0.257,0.47,0.689,0.087,0.326,acceptable,,,
68,2.267,True,0.242,0.363,0.625,0.106,0.288,acceptable,,,
69,2.3,True,0.267,0.366,0.607,0.106,0.291,acceptable,,,
70,2.333,True,0.264,0.392,0.557,0.069,0.278,acceptable,,,
71,2.367,True,0.002,0.578,0.527,0.083,0.282,acceptable,,,
72,2.4,True,0.026,0.715,0.54,0.09,0.332,acceptable,,,
73,2.433,True,0.0,0.726,0.53,0.07,0.322,acceptable,,,
74,2.467,True,0.04,0.808,0.686,0.171,0.413,caution,,,
75,2.5,True,0.072,0.77,0.645,0.122,0.385,caution,,,
76,2.533,True,0.311,0.705,0.581,0.14,0.41,caution,,,
77,2.567,True,0.309,0.733,0.589,0.174,0.431,caution,,,
78,2.6,True,0.433,0.653,0.651,0.188,0.446,caution,,,
79,2.633,True,0.251,0.776,0.591,0.264,0.464,caution,,,
80,2.667,True,0.157,0.787,0.59,0.278,0.453,caution,,,
81,2.7,True,0.311,0.722,0.557,0.215,0.438,caution,,,
82,2.733,True,0.285,0.739,0.56,0.207,0.435,caution,,,
83,2.767,True,0.373,0.657,0.561,0.235,0.438,caution,,,
84,2.8,True,0.54,0.569,0.554,0.226,0.441,caution,,,
85,2.833,True,0.606,0.64,0.567,0.256,0.488,caution,,,
86,2.867,True,0.555,0.619,0.653,0.235,0.477,caution,,,
87,2.9,True,0.527,0.609,0.638,0.218,0.46,caution,,,
88,2.933,True,0.679,0.64,0.586,0.303,0.522,caution,,,
89,2.967,True,0.621,0.524,0.579,0.229,0.448,caution,,,
90,3.0,True,0.561,0.492,0.567,0.178,0.407,caution,,,
